dimension,categoria,indicador,peso_num,peso_den,n_den
Nacional,Nacional,Participación global,8619772.658320053,13522172.000007804,66501
Nacional,Nacional,Empleo adecuado,3075638.547411087,8619772.658320053,41680
Nacional,Nacional,Subempleo,1587707.9674557801,8619772.658320053,41680
Nacional,Nacional,Desempleo,291073.5224696701,8619772.658320053,41680
Nacional,Nacional,Informalidad,4459578.130583112,8328699.135850382,39920
Sexo,Hombre,Participación global,5109084.544342736,6613670.000004236,31459
Sexo,Hombre,Empleo adecuado,2015551.5489788756,5109084.544342736,23259
Sexo,Hombre,Subempleo,1020937.6837948897,5109084.544342736,23259
Sexo,Hombre,Desempleo,130345.49624670293,5109084.544342736,23259
Sexo,Hombre,Informalidad,2718223.564164252,4978739.048096033,22442
Sexo,Mujer,Participación global,3510688.1139773168,6908502.000003569,35042
Sexo,Mujer,Empleo adecuado,1060086.998432211,3510688.1139773168,18421
Sexo,Mujer,Subempleo,566770.2836608903,3510688.1139773168,18421
Sexo,Mujer,Desempleo,160728.0262229672,3510688.1139773168,18421
Sexo,Mujer,Informalidad,1741354.56641886,3349960.0877543497,17478
Zona,Rural,Participación global,2954013.9310031375,4097861.0000078036,17457
Zona,Rural,Empleo adecuado,531503.4439156157,2954013.9310031375,11814
Zona,Rural,Subempleo,514098.46655936947,2954013.9310031375,11814
Zona,Rural,Desempleo,51317.226956684375,2954013.9310031375,11814
Zona,Rural,Informalidad,2196697.1300450745,2902696.704046453,11493
Zona,Urbana,Participación global,5665758.727316914,9424311.0,49044
Zona,Urbana,Empleo adecuado,2544135.103495471,5665758.727316914,29866
Zona,Urbana,Subempleo,1073609.5008964106,5665758.727316914,29866
Zona,Urbana,Desempleo,239756.29551298576,5665758.727316914,29866
Zona,Urbana,Informalidad,2262881.0005380376,5426002.431803929,28427
Grupo de edad,15-24,Participación global,1317642.5444889483,3148056.401644879,14114
Grupo de edad,15-24,Empleo adecuado,249090.78175558517,1317642.5444889483,5394
Grupo de edad,15-24,Subempleo,300969.40514196584,1317642.5444889483,5394
Grupo de edad,15-24,Desempleo,112435.25986446434,1317642.5444889483,5394
Grupo de edad,15-24,Informalidad,763156.3354312137,1205207.284624484,4804
Grupo de edad,25-34,Participación global,1893003.1622674707,2461807.1367161986,11033
Grupo de edad,25-34,Empleo adecuado,849464.6145504399,1893003.1622674707,8946
Grupo de edad,25-34,Subempleo,347617.7641056104,1893003.1622674707,8946
Grupo de edad,25-34,Desempleo,98541.38400178916,1893003.1622674707,8946
Grupo de edad,25-34,Informalidad,720886.19482736,1794461.7782656814,8327
Grupo de edad,35-44,Participación global,2068244.1821604965,2504024.4649336254,10247
Grupo de edad,35-44,Empleo adecuado,888733.0233409195,2068244.1821604965,8596
Grupo de edad,35-44,Subempleo,390709.1803080875,2068244.1821604965,8596
Grupo de edad,35-44,Desempleo,41276.83506432061,2068244.1821604965,8596
Grupo de edad,35-44,Informalidad,966295.3079992931,2026967.347096176,8340
Grupo de edad,45-54,Participación global,1519067.9591600355,1936601.7538272007,10225
Grupo de edad,45-54,Empleo adecuado,625522.3251681441,1519067.9591600355,8286
Grupo de edad,45-54,Subempleo,275504.0234515422,1519067.9591600355,8286
Grupo de edad,45-54,Desempleo,23777.631954780947,1519067.9591600355,8286
Grupo de edad,45-54,Informalidad,753976.729337536,1495290.3272052547,8131
Grupo de edad,55-64,Participación global,1145777.850754235,1604832.0629130832,8996
Grupo de edad,55-64,Empleo adecuado,375377.43874115765,1145777.850754235,6351
Grupo de edad,55-64,Subempleo,211649.77295614302,1145777.850754235,6351
Grupo de edad,55-64,Desempleo,10037.57963051073,1145777.850754235,6351
Grupo de edad,55-64,Informalidad,706766.4890089026,1135740.271123724,6249
Grupo de edad,65+,Participación global,676036.9594888664,1866850.1799728167,11886
Grupo de edad,65+,Empleo adecuado,87450.36385484049,676036.9594888664,4107
Grupo de edad,65+,Subempleo,61257.821492431045,676036.9594888664,4107
Grupo de edad,65+,Desempleo,5004.831953804325,676036.9594888664,4107
Grupo de edad,65+,Informalidad,548497.073978807,671032.127535062,4069
Dominio,Ambato,Participación global,112334.98870892281,162723.0,4036
Dominio,Ambato,Empleo adecuado,49268.52945738056,112334.98870892281,2736
Dominio,Ambato,Subempleo,19061.315542346063,112334.98870892281,2736
Dominio,Ambato,Desempleo,4154.42548806768,112334.98870892281,2736
Dominio,Ambato,Informalidad,32318.034252801954,108180.56322085514,2626
Dominio,Cuenca,Participación global,204366.98936766625,335983.9999999999,4793
Dominio,Cuenca,Empleo adecuado,123950.59469042959,204366.98936766625,2833
Dominio,Cuenca,Subempleo,15753.515326373748,204366.98936766625,2833
Dominio,Cuenca,Desempleo,8196.554371817227,204366.98936766625,2833
Dominio,Cuenca,Informalidad,50915.1643225704,196170.43499584903,2718
Dominio,Guayaquil,Participación global,1266064.7280670402,2173096.9999999986,7139
Dominio,Guayaquil,Empleo adecuado,583335.6209644164,1266064.7280670402,4154
Dominio,Guayaquil,Subempleo,286338.33653510304,1266064.7280670402,4154
Dominio,Guayaquil,Desempleo,29087.26117614458,1266064.7280670402,4154
Dominio,Guayaquil,Informalidad,553090.7541135767,1236977.4668908957,4055
Dominio,Machala,Participación global,141306.11348488845,225483.00000000006,5353
Dominio,Machala,Empleo adecuado,69404.29704000053,141306.11348488845,3263
Dominio,Machala,Subempleo,20230.59492489441,141306.11348488845,3263
Dominio,Machala,Desempleo,5335.2050555258675,141306.11348488845,3263
Dominio,Machala,Informalidad,47452.764219137476,135970.90842936258,3125
Dominio,Quito,Participación global,1031849.918033559,1682317.000000001,6655
Dominio,Quito,Empleo adecuado,575007.7113313352,1031849.918033559,4008
Dominio,Quito,Subempleo,118972.6118334295,1031849.918033559,4008
Dominio,Quito,Desempleo,91410.25026355934,1031849.918033559,4008
Dominio,Quito,Informalidad,222970.01583019714,940439.6677699996,3667
Dominio,Resto país,Participación global,5863849.920657976,8942568.000007804,38525
Dominio,Resto país,Empleo adecuado,1674671.7939275245,5863849.920657976,24686
Dominio,Resto país,Subempleo,1127351.5932936333,5863849.920657976,24686
Dominio,Resto país,Desempleo,152889.82611455547,5863849.920657976,24686
Dominio,Resto país,Informalidad,3552831.3978448287,5710960.09454342,23729
Nivel de instrucción,Básica,Participación global,3159536.387284468,5111222.48721967,22038
Nivel de instrucción,Básica,Empleo adecuado,651398.8909494925,3159536.387284468,12980
Nivel de instrucción,Básica,Subempleo,650145.8666273695,3159536.387284468,12980
Nivel de instrucción,Básica,Desempleo,33557.92753147626,3159536.387284468,12980
Nivel de instrucción,Básica,Informalidad,2332806.866917205,3125978.4597529923,12766
Nivel de instrucción,Media,Participación global,3367136.5867400332,5240541.828927781,24152
Nivel de instrucción,Media,Empleo adecuado,1262236.953842845,3367136.5867400332,15094
Nivel de instrucción,Media,Subempleo,691213.2240928432,3367136.5867400332,15094
Nivel de instrucción,Media,Desempleo,140109.6557578546,3367136.5867400332,15094
Nivel de instrucción,Media,Informalidad,1558973.3216061164,3227026.9309821785,14358
Nivel de instrucción,Ninguno,Participación global,244830.81071468862,505127.78314272023,2095
Nivel de instrucción,Ninguno,Empleo adecuado,11118.128016579092,244830.81071468862,847
Nivel de instrucción,Ninguno,Subempleo,27260.555251880505,244830.81071468862,847
Nivel de instrucción,Ninguno,Desempleo,1029.3221041315687,244830.81071468862,847
Nivel de instrucción,Ninguno,Informalidad,219362.34345931088,243801.48861055705,842
Nivel de instrucción,Superior,Participación global,1835897.4931739762,2649333.3926944304,18156
Nivel de instrucción,Superior,Empleo adecuado,1149774.6348431595,1835897.4931739762,12714
Nivel de instrucción,Superior,Subempleo,217913.7404506572,1835897.4931739762,12714
Nivel de instrucción,Superior,Desempleo,116376.61707620768,1835897.4931739762,12714
Nivel de instrucción,Superior,Informalidad,337060.0816802538,1719520.8760977685,11909
Etnia,Afrodescendiente,Participación global,268610.60182028735,462110.37790534337,2619
Etnia,Afrodescendiente,Empleo adecuado,91982.20741957272,268610.60182028735,1499
Etnia,Afrodescendiente,Subempleo,61876.84676660933,268610.60182028735,1499
Etnia,Afrodescendiente,Desempleo,24909.914494989076,268610.60182028735,1499
Etnia,Afrodescendiente,Informalidad,135540.47829176125,243700.6873252983,1352
Etnia,Blanco,Participación global,60927.529736291704,87648.56353309288,532
Etnia,Blanco,Empleo adecuado,24647.456230602507,60927.529736291704,289
Etnia,Blanco,Subempleo,6376.926464320733,60927.529736291704,289
Etnia,Blanco,Desempleo,1569.2972668928937,60927.529736291704,289
Etnia,Blanco,Informalidad,31790.55736762917,59358.23246939882,278
Etnia,Indígena,Participación global,1306659.1497800392,1586743.6068377306,4618
Etnia,Indígena,Empleo adecuado,149577.24793759163,1306659.1497800392,3443
Etnia,Indígena,Subempleo,165231.75528843468,1306659.1497800392,3443
Etnia,Indígena,Desempleo,12451.69351545212,1306659.1497800392,3443
Etnia,Indígena,Informalidad,1090136.327381507,1294207.4562645871,3356
Etnia,Mestizo,Participación global,6677654.273215096,10829674.720327616,57473
Etnia,Mestizo,Empleo adecuado,2749032.0587271675,6677654.273215096,35717
Etnia,Mestizo,Subempleo,1265845.1639433736,6677654.273215096,35717
Etnia,Mestizo,Desempleo,243872.65433646305,6677654.273215096,35717
Etnia,Mestizo,Informalidad,2992192.752406331,6433781.618878633,34219
Etnia,Montuvio,Participación global,305282.20869877463,555277.6737022738,1240
Etnia,Montuvio,Empleo adecuado,60090.235144168175,305282.20869877463,715
Etnia,Montuvio,Subempleo,88282.80022010277,305282.20869877463,715
Etnia,Montuvio,Desempleo,8175.48808293416,305282.20869877463,715
Etnia,Montuvio,Informalidad,209682.93679124344,297106.7206158405,700
