tramo,sexo,miles,miles_pir
15-19,Hombre,306.5,-306.5
15-19,Mujer,162.8,162.8
20-24,Hombre,557.6,-557.6
20-24,Mujer,290.6,290.6
25-29,Hombre,561.1,-561.1
25-29,Mujer,391.0,391.0
30-34,Hombre,506.8,-506.8
30-34,Mujer,434.2,434.2
35-39,Hombre,560.9,-560.9
35-39,Mujer,435.4,435.4
40-44,Hombre,599.1,-599.1
40-44,Mujer,472.9,472.9
45-49,Hombre,487.2,-487.2
45-49,Mujer,355.9,355.9
50-54,Hombre,398.1,-398.1
50-54,Mujer,277.9,277.9
55-59,Hombre,408.9,-408.9
55-59,Mujer,251.8,251.8
60-64,Hombre,288.8,-288.8
60-64,Mujer,196.2,196.2
65-69,Hombre,190.5,-190.5
65-69,Mujer,105.8,105.8
70-74,Hombre,119.4,-119.4
70-74,Mujer,65.2,65.2
75+,Hombre,124.2,-124.2
75+,Mujer,70.9,70.9
