peso_ocupados,peso_informales,n,rama
2689227.124868691,2314128.9764295695,9179,Agricultura y pesca
46734.44209837736,7319.407392498382,328,Minas y canteras
787489.2779537088,232547.39686214557,4114,Manufactura
17279.665799355615,5272.1422055125595,102,Electricidad y gas
35278.21178578489,4299.56970303064,178,Agua y alcantarillado
566451.1172179988,430005.5346151568,2439,Construcción
1312270.8259579353,584710.8386343287,7395,Comercio
537646.5213743347,303290.4647227385,2396,Transporte
542454.061052349,258706.8017417425,2933,Alojamiento y comidas
69262.69230352246,6323.751745501354,345,Información y comunic.
54127.692170690716,844.3335800586733,404,Finanzas y seguros
31927.266338158093,3051.5458272208148,141,Inmobiliarias
146540.03415004548,22733.776187128988,1090,Prof. y científicas
300512.1740941439,107637.55547213824,1397,Serv. administrativos
233142.85661335732,15.565243651326126,1501,Administración pública
304915.88827210525,23879.544080611606,1990,Enseñanza
197680.3201881782,25806.73556249084,1384,Salud y serv. sociales
49612.374010543215,20500.480829222717,347,Artes y recreación
200368.1822648152,107666.66858374287,1166,Otros servicios
204872.33817328725,837.0411646218762,1081,Hogares (domést.)
906.0691629994841,0.0,10,Organizaciones extraterr.
